INSERT INTO MASTERENTITY (ID,MASTER_DATA_TYPE) VALUES (3,'KEYSKILLS');
INSERT INTO MASTERENTITY (ID,MASTER_DATA_TYPE) VALUES (4,'KEYSKILLS');
INSERT INTO MASTERENTITY (ID,MASTER_DATA_TYPE) VALUES (1,'COUNTRY');
INSERT INTO MASTERENTITY (ID,MASTER_DATA_TYPE) VALUES (2,'COUNTRY');
INSERT INTO KEYSKILLS ( ID, SKILL ) VALUES ( 3, 'java');
INSERT INTO KEYSKILLS ( ID, SKILL ) VALUES ( 4, '.net');
INSERT INTO COUNTRY (ID,COUNTRY_NAME)  VALUES (1,'India');
INSERT INTO COUNTRY (ID,COUNTRY_NAME)  VALUES (2,'USA');
INSERT INTO MASTERENTITY (ID, MASTER_DATA_TYPE) VALUES (NULL, 'COMPANYTYPE');
INSERT INTO COMPANY_TYPE (TYPE, ID) VALUES ('SOFTWARE', 5);
INSERT INTO MASTERENTITY (ID, MASTER_DATA_TYPE) VALUES (NULL, 'CURRENCY');
INSERT INTO CURRENCY (CURRENCY_NAME, ID) VALUES ('RUPEE', 6);
INSERT INTO MASTERENTITY (ID, MASTER_DATA_TYPE) VALUES (NULL, 'CURRENCY');
INSERT INTO CURRENCY (CURRENCY_NAME, ID) VALUES ('DOLLER', 7);
INSERT INTO MASTERENTITY (ID, MASTER_DATA_TYPE) VALUES (NULL, 'OCCUPATION');
INSERT INTO OCCUPATION (NAME, ID) VALUES ('ENGINEER', 8);
INSERT INTO MASTERENTITY (ID, MASTER_DATA_TYPE) VALUES (NULL, 'UNITS');
INSERT INTO UNITS (UNIT, ID) VALUES ('DOLLOR', 9);
INSERT INTO MASTERENTITY (ID, MASTER_DATA_TYPE) VALUES (NULL, 'UPDATECYCLE');
INSERT INTO UPDATE_CYCLE (CYCLE, ID) VALUES ('QUARTER', 10);
INSERT INTO STATE ( STATE_ID, COUNTRY_ID, STATE_NAME ) VALUES ('1', '1', 'Telangana');
INSERT INTO STATE ( STATE_ID, COUNTRY_ID, STATE_NAME ) VALUES ('2', '1', 'Ap');
INSERT INTO STATE ( STATE_ID, COUNTRY_ID, STATE_NAME ) VALUES ('3', '2', 'Colorado');
insert into hibernate_sequences(sequence_name, sequence_next_hi_value) values('user', 0);
update hibernate_sequences set sequence_next_hi_value = 1 where sequence_next_hi_value = 0 and sequence_name = 'user';
insert into user (account_type, email_id, first_name, last_name, password, title, userstatus,IS_AGREED_TC,USER_NAME, id) values ('ADMIN', 'sri3', 'sri', 'ch', 's', 'MR', 'Active',1,'a', 1);
insert into admin (designation, profile_pic, id) values ('it', NULL, 1);
update hibernate_sequences set sequence_next_hi_value = 2 where sequence_next_hi_value = 1 and sequence_name = 'user';
insert into user (account_type, email_id, first_name, last_name,  password, title, userstatus,IS_AGREED_TC,USER_NAME, id) values ('REVIEWER', 'sri4', 'ch', 'sri', 's', 'MR', 'Active',1,'b', 32768);
insert into admin (designation, profile_pic, id) values ('it', NULL, 32768);
insert into stock_exchange(name) values('Bombay Stock Exchange');
insert into stock_exchange(name) values('National Stock Exchange');
insert into stock_exchange(name) values('Shenzhen Stock Exchange');
insert into stock_exchange(name) values('Shanghai Stock Exchange');
insert into stock_exchange(name) values('London Stock Exchange');
insert into stock_exchange(name) values('SIX Swiss Exchange');
insert into stock_exchange(name) values('NASDAQ Stock Exchange');
insert into stock_exchange(name) values('Osaka Securities Exchange');
insert into stock_exchange(name) values('JASDAQ Securities Exchange');
insert into stock_exchange(name) values('Hercules Stock Exchange');
insert into stock_exchange(name) values('Tokyo Stock Exchange');
insert into stock_exchange(name) values('Berlin Stock Exchange');
insert into stock_exchange(name) values('Frankfurt Stock Exchange');
insert into stock_exchange(name) values('Borsa Italiana');
insert into stock_exchange(name) values('Italian Stock Exchange');
insert into stock_exchange(name) values('Hong Kong Stock Exchange');
insert into stock_exchange(name) values('Korea Stock Exchange');
insert into stock_exchange(name) values('Toronto Stock Exchange');
insert into stock_exchange(name) values('TSX Venture Exchange');
insert into stock_exchange(name) values('Ghana Stock Exchange');
insert into stock_exchange(name) values('Nairobi Stock Exchange');
insert into stock_exchange(name) values('Nigerian Stock Exchange');
insert into stock_exchange(name) values('JSE Securities Exchange');
insert into stock_exchange(name) values('Zimbabwe Stock Exchange');
insert into stock_exchange(name) values('Australian Securities Exchange');
insert into stock_exchange(name) values('Dhaka Stock Exchange');
insert into stock_exchange(name) values('Indonesia Stock Exchange');
insert into stock_exchange(name) values('Malaysia Exchange');
insert into stock_exchange(name) values('Karachi Stock Exchange');
insert into stock_exchange(name) values('Philippine Stock Exchange');
insert into stock_exchange(name) values('Singapore Exchange');
insert into stock_exchange(name) values('Colombo Stock Exchange');
insert into stock_exchange(name) values('Taiwan Stock Exchange');
insert into stock_exchange(name) values('Stock Exchange of Thailand');
insert into stock_exchange(name) values('Euronext - Brussels');
insert into stock_exchange(name) values('Bulgarian Stock Exchange');
insert into stock_exchange(name) values('Zagreb Stock Exchange');
insert into stock_exchange(name) values('Cyprus Stock Exchange');
insert into stock_exchange(name) values('Euronext - Paris');
insert into stock_exchange(name) values('Athens Stock Exchange');
insert into stock_exchange(name) values('Irish Stock Exchange');
insert into stock_exchange(name) values('Luxembourg Stock Exchange');
insert into stock_exchange(name) values('Oslo Stock Exchange');
insert into stock_exchange(name) values('Warsaw Stock Exchange');
insert into stock_exchange(name) values('Euronext - Lisbon');
insert into stock_exchange(name) values('Russian Stock Exchange');
insert into stock_exchange(name) values('Istanbul Stock Exchange');
insert into stock_exchange(name) values('Egyptian Stock Exchange');
insert into stock_exchange(name) values('Tel Aviv Stock Exchange');
insert into hibernate_sequences(sequence_name, sequence_next_hi_value) values('report', 0);

update hibernate_sequences set sequence_next_hi_value = 3 where sequence_next_hi_value = 2 and sequence_name = 'user';
insert into user (account_type, is_agreed_tc, email_id, first_name, last_name, password, title, user_name, userstatus, id,profile_Pic_Name) values ('AUTHOR', 1, 'kumar@gmail.com', 'Anilkumar ', 'Ravula', 'pirate', 'MR', 'anil', 'Active', 65536,'author3@gmail.com.JPG');
insert into author (bio, city, country_id, mobile, id,experience) values ('asdasdasdasds', '1', '1', '9505485048', 65536,15);
insert into author_key_skill (author_id, skill_id) values (65536, 3);

insert into user (account_type, email_id, first_name, last_name,  password, title, userstatus,IS_AGREED_TC,USER_NAME, id) values ('PUBLISHER', 'anil1@gamil.com', 'anil', 'sri', 'pirate', 'MR', 'Active',1,'anil', 32769);


insert into report_assigners (publisher_id, report_id, reviwer_id, report_assigners_id,active) values (32769, 1, 32768, 1,'Y');
insert into report_assigners (publisher_id, report_id, reviwer_id, report_assigners_id,active) values (32769, 2, 32768, 2,'Y');


INSERT INTO REPORT_CYCLE (STATUS_ID, STATUS_NAME)  VALUES ('1', 'CREATED');
INSERT INTO REPORT_CYCLE (STATUS_ID, STATUS_NAME)  VALUES ('2', 'REVIWER PENDING');
INSERT INTO REPORT_CYCLE (STATUS_ID, STATUS_NAME)  VALUES ('3', 'REVIWER COMMENTS');
INSERT INTO REPORT_CYCLE (STATUS_ID, STATUS_NAME)  VALUES ('4', 'PUBLISHED');

insert into user (account_type, email_id, first_name, last_name,  password, title, userstatus,IS_AGREED_TC,USER_NAME, id) values ('PUBLISHER', 'ani', 'ch', 'an', 'ani', 'MR', 'Active',1,'b', 32770);




/*Data for the table 'master_industries' */

insert  into master_industries (mi_id,mi_indus_name,mi_parent_id,mi_child_id,mi_upd_ts) values 
(1,'Aerospace and Defense',NULL,NULL,NULL),(2,'Agriculture and Forestry',NULL,NULL,NULL),
(3,'Automotive',NULL,NULL,NULL),(4,'Business and Consumer Services',NULL,NULL,NULL),(5,'Chemicals',NULL,NULL,NULL),(6,'Consumer Packaged Goods',NULL,NULL,NULL),(7,'Energy and Utilities ',NULL,NULL,NULL),(8,'Environmental and Waste Management Services',NULL,NULL,NULL),(9,'Financial Services',NULL,NULL,NULL),(10,'General Business',NULL,NULL,NULL),(11,'Government and Non-Profit Organisations',NULL,NULL,NULL),(12,'Industrial Goods and Machinery',NULL,NULL,NULL),(13,'Ingredients',NULL,NULL,NULL),(14,'Leisure and Arts',NULL,NULL,NULL),(15,'Media',NULL,NULL,NULL),(16,'Metals and Mining',NULL,NULL,NULL),(17,'Paper and Packaging',NULL,NULL,NULL),(18,'Pharmaceuticals and Healthcare',NULL,NULL,NULL),(19,'Retailing',NULL,NULL,NULL),(20,'Technology and Communications',NULL,NULL,NULL),(21,'Textiles',NULL,NULL,NULL),(22,'Transport and Logistics',NULL,NULL,NULL),(23,'Wholesale',NULL,NULL,NULL),(24,'Aerospace Products and Parts Manufacturing',1,NULL,NULL),(25,'Ammunition (Except Small Arms)',1,NULL,NULL),(26,'Firearms',1,NULL,NULL),(27,'Military Armored Vehicles and Parts',1,NULL,NULL),(28,'Naval Ships',1,NULL,NULL),(29,'Navigational Instruments',1,NULL,NULL),(30,'Simulators',1,NULL,NULL),(31,'Small Arms Ammunition',1,NULL,NULL),(32,'Space Programmes',1,NULL,NULL),(33,'Submarines and Submersibles',1,NULL,NULL),(34,'Vehicle and Aircraft Electronics',1,NULL,NULL),(35,'Agriculture',2,NULL,NULL),(36,'Fishing',2,NULL,NULL),(37,'Forestry and Logging',2,NULL,NULL),(38,'Horticulture',2,NULL,NULL),(39,'Meat and Poultry',2,NULL,NULL),(40,'Support Activities for Agriculture',2,NULL,NULL),(41,'Automobile Distribution',3,NULL,NULL),(42,'Insurance',3,NULL,NULL),(43,'Parts, Tires and Aftermarket',3,NULL,NULL),(44,'Vehicle Manufacturing',3,NULL,NULL),(45,'Vehicle Rental, Leasing and Fleet Management',3,NULL,NULL),(46,'Fleet Management',3,NULL,NULL),(47,'Accounting',4,NULL,NULL),(48,'Auction Services',4,NULL,NULL),(49,'Beauty and Personal Care Services',4,NULL,NULL),(50,'Billing Services',4,NULL,NULL),(51,'Business Service Centres',4,NULL,NULL),(52,'Conference and Exhibitions Organizing',4,NULL,NULL),(53,'Consultancy',4,NULL,NULL),(54,'Data Processing Services',4,NULL,NULL),(55,'Design Services',4,NULL,NULL),(56,'Disaster Recovery Services',4,NULL,NULL),(57,'Diversified Services',4,NULL,NULL),(58,'Dry Cleaning and Laundry Services',4,NULL,NULL),(59,'Educational Services',4,NULL,NULL),(60,'Funeral Services',4,NULL,NULL),(61,'Highway Services',4,NULL,NULL),(62,'Legal Services',4,NULL,NULL),(63,'Libraries',4,NULL,NULL),(64,'Market Research',4,NULL,NULL),(65,'Marketing Services',4,NULL,NULL),(66,'Parking Lots and Garages',4,NULL,NULL),(67,'Pet Care (Except Veterinary)',4,NULL,NULL),(68,'Photographic Processing',4,NULL,NULL),(69,'Photographic Services',4,NULL,NULL),(70,'Product Repair Services',4,NULL,NULL),(71,'Public Relations',4,NULL,NULL),(72,'Recruitment and Employment Services',4,NULL,NULL),(73,'Rental and Leasing Services',4,NULL,NULL),(74,'Scientific Research Services',4,NULL,NULL),(75,'Security and Prison Services ',4,NULL,NULL),(76,'Security Systems Services',4,NULL,NULL),(77,'Services to Buildings and Dwellings',4,NULL,NULL),(78,'Technical Services',4,NULL,NULL),(79,'Telephone Call Centers',4,NULL,NULL),(80,'Translation and Interpretation Services',4,NULL,NULL),(81,'Typing and Document Preparation Services',4,NULL,NULL),(82,'Vehicle Towing and Assistance',4,NULL,NULL),(83,'Adhesives',5,NULL,NULL),(84,'Agrochemicals',5,NULL,NULL),(85,'Artificial and Synthetic Fibers',5,NULL,NULL),(86,'Basic Inorganic Chemicals',5,NULL,NULL),(87,'Basic Organic Chemicals',5,NULL,NULL),(88,'Commodity Chemicals ',5,NULL,NULL),(89,'Diversified Chemicals',5,NULL,NULL),(90,'Explosives',5,NULL,NULL),(91,'Fuel Additives',5,NULL,NULL),(92,'Industrial Gas',5,NULL,NULL),(93,'Paints and Coatings',5,NULL,NULL),(94,'Plastics',5,NULL,NULL),(95,'Printing Inks',5,NULL,NULL),(96,'Resin and Synthetic Rubber',5,NULL,NULL),(97,'Rubber Manufacturing',5,NULL,NULL),(98,'Synthetic Dyes and Pigments',5,NULL,NULL),(99,'Beverages - Alcoholic',6,NULL,NULL),(100,'Beverages - Non-Alcoholic',6,NULL,NULL),(101,'Consumer Insights',6,NULL,NULL),(102,'Healthy Products',6,NULL,NULL),(103,'Food',6,NULL,NULL),(104,'Commodity',7,NULL,NULL),(105,'Downstream Energy',7,NULL,NULL),(106,'Midstream Energy',7,NULL,NULL),(107,'Power Generation',7,NULL,NULL),(108,'Upstream Energy',7,NULL,NULL),(109,'Utilities Networks',7,NULL,NULL),(110,'Utilities Retail',7,NULL,NULL),(111,'Wholesale Energy',7,NULL,NULL),(112,'Environmental Consulting Services',8,NULL,NULL),(113,'Exterminating and Pest Control Services',8,NULL,NULL),(114,'Sewage Treatment Facilities',8,NULL,NULL),(115,'Waste Management and Recycling Services',8,NULL,NULL),(116,'Capital Markets and Trading',9,NULL,NULL),(117,'Cards',9,NULL,NULL),(118,'Corporate and Investment Banking',9,NULL,NULL),(119,'Financial Services Distributors',9,NULL,NULL),(120,'General Insurance, Property and Casualty',9,NULL,NULL),(121,'Institutional Investment Management',9,NULL,NULL),(122,'Life and Pensions',9,NULL,NULL),(123,'Offshore Financial Services',9,NULL,NULL),(124,'Retail Banking and Lending',9,NULL,NULL),(125,'Wealth Management and Private Banking',9,NULL,NULL),(126,'B2B Interface',10,NULL,NULL),(127,'Company Issues',10,NULL,NULL),(128,'CRM',10,NULL,NULL),(129,'Customer',10,NULL,NULL),(130,'eCommerce',10,NULL,NULL),(131,'Globalisation',10,NULL,NULL),(132,'Human Resources',10,NULL,NULL),(133,'Industrial Conglomorates',10,NULL,NULL),(134,'Market Dynamics',10,NULL,NULL),(135,'Financial',10,NULL,NULL),(136,'Legal and Regulatory',10,NULL,NULL),(137,'Licensing',10,NULL,NULL),(138,'Regulatory',10,NULL,NULL),(139,'Segments',10,NULL,NULL),(140,'Size',10,NULL,NULL),(141,'Structure',10,NULL,NULL),(142,'Survey',10,NULL,NULL),(143,'Market Modelling',10,NULL,NULL),(144,'New Market Forces',10,NULL,NULL),(145,'New Sector Development',10,NULL,NULL),(146,'Outsourcing',10,NULL,NULL),(147,'Pricing',10,NULL,NULL),(148,'Product',10,NULL,NULL),(149,'R&D',10,NULL,NULL),(150,'Regulatory Issues',10,NULL,NULL),(151,'Sales and Marketing',10,NULL,NULL),(152,'Cross-Merchandising',10,NULL,NULL),(153,'Supply Chain',10,NULL,NULL),(154,'Technologies',10,NULL,NULL),(155,'Associations',11,NULL,NULL),(156,'Educational Services',11,NULL,NULL),(157,'Governmental Organizations',11,NULL,NULL),(158,'Labor Organizations',11,NULL,NULL),(159,'Non-Profit Organizations',11,NULL,NULL),(160,'Political Organizations',11,NULL,NULL),(161,'Abrasive Products',12,NULL,NULL),(162,'Agricultural Machinery',12,NULL,NULL),(163,'Alarms and Signaling Equipment',12,NULL,NULL),(164,'Automatic Vending Machines',12,NULL,NULL),(165,'Automation and Process Controls',12,NULL,NULL),(166,'Battery Manufacturing',12,NULL,NULL),(167,'Boilers, Tanks and Vessels',12,NULL,NULL),(168,'Chemical Industry Machinery',12,NULL,NULL),(169,'Compressors and Hydraulic Equipment',12,NULL,NULL),(170,'Construction Machinery',12,NULL,NULL),(171,'Electrical Components and Equipment',12,NULL,NULL),(172,'Engines and Turbines',12,NULL,NULL),(173,'Environmental Control Systems',12,NULL,NULL),(174,'Food Product Machinery Manufacturing',12,NULL,NULL),(175,'Fuel Cells',12,NULL,NULL),(176,'Glass Fiber',12,NULL,NULL),(177,'Glass Working Machinery',12,NULL,NULL),(178,'Handling Equipment',12,NULL,NULL),(179,'Heating and Cooling Equipment',12,NULL,NULL),(180,'Industrial and Marine Engines',12,NULL,NULL),(181,'Industrial Electrical Equipment',12,NULL,NULL),(182,'Industrial Plant and Steelwork',12,NULL,NULL),(183,'Laundry and Dry Cleaning Machines',12,NULL,NULL),(184,'Leatherworking Machinery',12,NULL,NULL),(185,'Measuring and Precision Instruments',12,NULL,NULL),(186,'Metalworking Machinery',12,NULL,NULL),(187,'Mining, Oil and Gas Field Machinery',12,NULL,NULL),(188,'Paper Industry Machinery Manufacturing',12,NULL,NULL),(189,'Passive Components',12,NULL,NULL),(190,'Plastics and Rubber Industry Machinery',12,NULL,NULL),(191,'Point of Sale Systems',12,NULL,NULL),(192,'Portable Power Tools',12,NULL,NULL),(193,'Power Engineering',12,NULL,NULL),(194,'Printing Machinery and Equipment',12,NULL,NULL),(195,'Pump Manufacturing',12,NULL,NULL),(196,'Sawmill and Woodworking Machines',12,NULL,NULL),(197,'Textile Machinery Manufacturing',12,NULL,NULL),(198,'Weighing Machinery',12,NULL,NULL),(199,'Wires and Cables',12,NULL,NULL),(200,'Carbohydrates, Starches and Wheat Glutens',13,NULL,NULL),(201,'Colorings',13,NULL,NULL),(202,'Dehydrated Vegetable Products',13,NULL,NULL),(203,'Emulsifiers',13,NULL,NULL),(204,'Fat Replacers',13,NULL,NULL),(205,'Flavors, Flavor Enhancers and Fragrances',13,NULL,NULL),(206,'Fruit Concentrates',13,NULL,NULL),(207,'Other Ingredients',13,NULL,NULL),(208,'Preservatives',13,NULL,NULL),(209,'Artists, Writers and Performers',14,NULL,NULL),(210,'Film and Video Exhibition',14,NULL,NULL),(211,'Gaming and Casinos',14,NULL,NULL),(212,'Hotels and Restaurants',14,NULL,NULL),(213,'Household Leisure',14,NULL,NULL),(214,'Leisure Products',14,NULL,NULL),(215,'Performing Arts and Sports Promotion',14,NULL,NULL),(216,'Scenic and Sightseeing Services',14,NULL,NULL),(217,'Sporting Facilities and Venues',14,NULL,NULL),(218,'Sports and Recreation Instruction',14,NULL,NULL),(219,'Sports Teams and Clubs',14,NULL,NULL),(220,'Theaters and Entertainment Venues',14,NULL,NULL),(221,'Tour Operators',14,NULL,NULL),(222,'Travel Agencies',14,NULL,NULL),(223,'Advertising',15,NULL,NULL),(224,'Broadcasting',15,NULL,NULL),(225,'Business Information',15,NULL,NULL),(226,'Motion Pictures and Sound Recording',15,NULL,NULL),(227,'Multimedia Services',15,NULL,NULL),(228,'News Syndicates',15,NULL,NULL),(229,'Online News and Business Information',15,NULL,NULL),(230,'Printing and Publishing',15,NULL,NULL),(231,'Coal Mining',16,NULL,NULL),(232,'Metal Mining Support Activities',16,NULL,NULL),(233,'Metal Ore Mining',16,NULL,NULL),(234,'Metal Product Manufacturing',16,NULL,NULL),(235,'Mineral Mining Support Activities',16,NULL,NULL),(236,'Non-Metallic Mineral Mining and Quarrying',16,NULL,NULL),(237,'Converted Paper Products',17,NULL,NULL),(238,'Glass Containers and Packaging',17,NULL,NULL),(239,'Metal Containers and Packaging',17,NULL,NULL),(240,'Packaging and Labeling Services',17,NULL,NULL),(241,'Paper Mills',17,NULL,NULL),(242,'Paper Packaging',17,NULL,NULL),(243,'Paperboard Mills',17,NULL,NULL),(244,'Plastic Containers and Packaging',17,NULL,NULL),(245,'Wooden Containers and Packaging',17,NULL,NULL),(246,'Biotechnology',18,NULL,NULL),(247,'Healthcare',18,NULL,NULL),(248,'Medical Devices and Diagnostics',18,NULL,NULL),(249,'Other',18,NULL,NULL),(250,'By Multi-Channel',19,NULL,NULL),(251,'Cash and Carry and Warehouse Clubs',19,NULL,NULL),(252,'Clothing, Footwear, Accessories and Luxury Goods',19,NULL,NULL),(253,'Convenience Stores, Neighborhood Stores and Gas Stations',19,NULL,NULL),(254,'Newsagents',19,NULL,NULL),(255,'Department Stores',19,NULL,NULL),(256,'Discount, Variety and General Merchandisers',19,NULL,NULL),(257,'Drugs, Health and Beauty',19,NULL,NULL),(258,'Duty Free',19,NULL,NULL),(259,'Electricals and Electronics',19,NULL,NULL),(260,'Food and Drink Specialists',19,NULL,NULL),(261,'Home Furniture and Housewares',19,NULL,NULL),(262,'Home Improvement and Gardening Supplies',19,NULL,NULL),(263,'Hypermarkets, Supermarkets and Discounters',19,NULL,NULL),(264,'Music, Video, Books, Stationery and Entertainment Software',19,NULL,NULL),(265,'Other General Retailers',19,NULL,NULL),(266,'Other Specialist Retailers',19,NULL,NULL),(267,'Vending',19,NULL,NULL),(268,'Communications',20,NULL,NULL),(269,'IT Hardware',20,NULL,NULL),(270,'IT Services',20,NULL,NULL),(271,'Software',20,NULL,NULL),(272,'Clothing',21,NULL,NULL),(273,'Fabric Mills',21,NULL,NULL),(274,'Household Textiles',21,NULL,NULL),(275,'Contract Logistics',22,NULL,NULL),(276,'Express, Parcel and Postal',22,NULL,NULL),(277,'Freight',22,NULL,NULL),(278,'Passenger Transportation',22,NULL,NULL),(279,'Transport Infrastructure',22,NULL,NULL),(280,'Warehousing',22,NULL,NULL),(281,'Drinks Wholesaling',23,NULL,NULL),(282,'Electrical Goods Wholesaling',23,NULL,NULL),(283,'Food Wholesaling',23,NULL,NULL),(284,'Multi-Wholesaling',23,NULL,NULL),(285,'Aircraft Cabin Equipment',24,NULL,NULL),(286,'Aircraft Engines and Engine Parts',24,NULL,NULL),(287,'Aircraft Modification',24,NULL,NULL),(288,'Civil Aircraft',24,NULL,NULL),(289,'Civil Helicopters',24,NULL,NULL),(290,'Guided Missiles',24,NULL,NULL),(291,'Hovercraft',24,NULL,NULL),(292,'Military Aircraft',24,NULL,NULL),(293,'Satellites',24,NULL,NULL),(294,'Space Vehicles',24,NULL,NULL),(295,'Cocoa Growing',35,NULL,NULL),(296,'Coffee Growing',35,NULL,NULL),(297,'Cotton Farming',35,NULL,NULL),(298,'Egg Production',35,NULL,NULL),(299,'Potato Growing',35,NULL,NULL),(300,'Rubber Growing',35,NULL,NULL),(301,'Silk Farming',35,NULL,NULL),(302,'Sugar Beet Farming',35,NULL,NULL),(303,'Sugar Cane Farming',35,NULL,NULL),(304,'Tea Growing',35,NULL,NULL),(305,'Tobacco Farming',35,NULL,NULL),(306,'Fish Farming',36,NULL,NULL),(307,'Floriculture and Plant Nurseries',38,NULL,NULL),(308,'Fruit Growing',38,NULL,NULL),(309,'Vegetable Growing',38,NULL,NULL),(310,'Cattle Ranching and Farming',39,NULL,NULL),(311,'Hog and Pig Farming',39,NULL,NULL),(312,'Poultry Farming',39,NULL,NULL),(313,'Sheep and Goat Farming',39,NULL,NULL),(314,'New Automobile Distribution',41,NULL,NULL),(315,'Used Automobile Distribution',41,NULL,NULL),(316,'Aftermarket Retail Distribution',43,NULL,NULL),(317,'Aftermarket Wholesaler Distribution',43,NULL,NULL),(318,'Automobile Windscreens',43,NULL,NULL),(319,'Tires',43,NULL,NULL),(320,'Electrical Products',43,NULL,NULL),(321,'Mechanic parts',43,NULL,NULL),(322,'Automobiles',44,NULL,NULL),(323,'Commercial Vehicles',44,NULL,NULL),(324,'Motorcycles',44,NULL,NULL),(325,'Leasing',45,NULL,NULL),(326,'Rental',45,NULL,NULL),(327,'Cost Accounting',47,NULL,NULL),(328,'Payroll Services',47,NULL,NULL),(329,'Tax Preparation Services',47,NULL,NULL),(330,'IT Consultancy',53,NULL,NULL),(331,'Management Consultancy ',53,NULL,NULL),(332,'Marketing Consultancy',53,NULL,NULL),(333,'Strategy Consultancy',53,NULL,NULL),(334,'Automobile Driving Schools ',59,NULL,NULL),(335,'Business and Secretarial Schools',59,NULL,NULL),(336,'Child Day Care Services',59,NULL,NULL),(337,'Computer Assisted Training',59,NULL,NULL),(338,'Computer Training',59,NULL,NULL),(339,'Language Schools',59,NULL,NULL),(340,'Professional and Management Training',59,NULL,NULL),(341,'Sports and Recreation Instruction',59,NULL,NULL),(342,'Direct Marketing Services',65,NULL,NULL),(343,'Internet Marketing Services',65,NULL,NULL),(344,'Telephone Marketing Services',65,NULL,NULL),(345,'Consumer Electronic Goods Repair',70,NULL,NULL),(346,'Machinery Repair and Maintenance',70,NULL,NULL),(347,'Personal and Household Goods Repair',70,NULL,NULL),(348,'Agricultural Equipment Rental ',73,NULL,NULL),(349,'Aircraft Leasing',73,NULL,NULL),(350,'Construction Equipment Rental',73,NULL,NULL),(351,'Consumer Goods and Appliances Rental',73,NULL,NULL),(352,'Office Equipment Rental',73,NULL,NULL),(353,'Ship Leasing',73,NULL,NULL),(354,'Video and DVD Rental',73,NULL,NULL),(355,'Cleaning Services',77,NULL,NULL),(356,'Exterminating and Pest Control Services',77,NULL,NULL),(357,'Fertilizer ',84,NULL,NULL),(358,'Pesticides',84,NULL,NULL),(359,'Petrochemicals',87,NULL,NULL),(360,'Beer, Cider and FABs',99,NULL,NULL),(361,'Spirits',99,NULL,NULL),(362,'Wine',99,NULL,NULL),(363,'Baby Drinks',100,NULL,NULL),(364,'Dairy and Soy Drinks',100,NULL,NULL),(365,'Hot Drinks',100,NULL,NULL),(366,'Soft Drinks',100,NULL,NULL),(367,'Consumer Need States',101,NULL,NULL),(368,'Consumer Occasions',101,NULL,NULL),(369,'Consumer Segmentation',101,NULL,NULL),(370,'Consumer Trends',101,NULL,NULL),(371,'Convenience Products',101,NULL,NULL),(372,'Indulgence Products',102,NULL,NULL),(373,'Baby Food',103,NULL,NULL),(374,'Bakery and Cereals',103,NULL,NULL),(375,'Coal',104,NULL,NULL),(376,'Gas',104,NULL,NULL),(377,'Oil',104,NULL,NULL),(378,'Power',104,NULL,NULL),(379,'Water',104,NULL,NULL),(380,'Fuel Retailing',105,NULL,NULL),(381,'Petrochemicals',105,NULL,NULL),(382,'Refining',105,NULL,NULL),(383,'Pipelines',106,NULL,NULL),(384,'Storage ',106,NULL,NULL),(385,'Tankers and Terminals',106,NULL,NULL),(386,'Fossil Fuels',107,NULL,NULL),(387,'Nuclear',107,NULL,NULL),(388,'Renewables',107,NULL,NULL),(389,'Equipment and Services',108,NULL,NULL),(390,'Exploration',108,NULL,NULL),(391,'Production',108,NULL,NULL),(392,'Distribution',109,NULL,NULL),(393,'Transmission',109,NULL,NULL),(394,'Energy Services',110,NULL,NULL),(395,'Major Energy User Retail',110,NULL,NULL),(396,'Residential Retail',110,NULL,NULL),(397,'SME Retail',110,NULL,NULL),(398,'Import and Export',111,NULL,NULL),(399,'Trading and Risk Management',111,NULL,NULL),(400,'Materials Recovery Facilities',115,NULL,NULL),(401,'Recycling and Cleanup Services',115,NULL,NULL),(402,'Waste Collection',115,NULL,NULL),(403,'Waste Treatment and Disposal',115,NULL,NULL),(404,'Bond Markets',116,NULL,NULL),(405,'Brokerage',116,NULL,NULL),(406,'Clearing and Settlement',116,NULL,NULL),(407,'Commodity Markets',116,NULL,NULL),(408,'Derivatives',116,NULL,NULL),(409,'Equity Markets',116,NULL,NULL),(410,'Exchanges',116,NULL,NULL),(411,'Foreign Exchange (FX)',116,NULL,NULL),(412,'Money Markets',116,NULL,NULL),(413,'Card Issuance',117,NULL,NULL),(414,'Card Processing',117,NULL,NULL),(415,'Merchant Acquiring',117,NULL,NULL),(416,'Capital Raising',118,NULL,NULL),(417,'Credit and Trade Finance',118,NULL,NULL),(418,'Mergers and Acquisitions (M&A)',118,NULL,NULL),(419,'Private Placements and Financial Sponsors',118,NULL,NULL),(420,'Project, Asset and Structured Finance',118,NULL,NULL),(421,'Treasury and Cash Management',118,NULL,NULL),(422,'Wholesale Payments',118,NULL,NULL),(423,'Aggregators',119,NULL,NULL),(424,'IFAs',119,NULL,NULL),(425,'Insurance Brokers and Intermediaries',119,NULL,NULL),(426,'Mortgage Brokers and Intermediaries',119,NULL,NULL),(427,'Other Distributors ',119,NULL,NULL),(428,'Commercial Insurance',120,NULL,NULL),(429,'Personal Insurance',120,NULL,NULL),(430,'Reinsurance',120,NULL,NULL),(431,'Hedge Funds',121,NULL,NULL),(432,'Pension Funds and Institutional Fund Management',121,NULL,NULL),(433,'Securities Custody',121,NULL,NULL),(434,'Life and Protection',122,NULL,NULL),(435,'Pensions',122,NULL,NULL),(436,'Payments',123,NULL,NULL),(437,'Private Equity and Venture Capital',123,NULL,NULL),(438,'Consumer Lending',124,NULL,NULL),(439,'Current Accounts',124,NULL,NULL),(440,'Mortgage Lending',124,NULL,NULL),(441,'SME Banking Services',124,NULL,NULL),(442,'Savings and Investments',124,NULL,NULL),(443,'Fulfilment Solutions',126,NULL,NULL),(444,'Logistics Solutions',126,NULL,NULL),(445,'Procurement Solutions',126,NULL,NULL),(446,'Supplier Integration',126,NULL,NULL),(447,'Alliances and Joint Ventures',127,NULL,NULL),(448,'Demergers and Spin-Offs',127,NULL,NULL),(449,'Financial',127,NULL,NULL),(450,'Geography',127,NULL,NULL),(451,'IPO',127,NULL,NULL),(452,'Management Changes',127,NULL,NULL),(453,'Market Reporting',127,NULL,NULL),(454,'Market Share Reporting',127,NULL,NULL),(455,'Mergers and Acquisitions',127,NULL,NULL),(456,'Name',127,NULL,NULL),(457,'Orders',127,NULL,NULL),(458,'Patents',127,NULL,NULL),(459,'Positioning',127,NULL,NULL),(460,'Press Release',127,NULL,NULL),(461,'Strategic',127,NULL,NULL),(462,'Structure',127,NULL,NULL),(463,'Barriers To eCommerce',128,NULL,NULL),(464,'Brand and Customer Loyalty',128,NULL,NULL),(465,'Channels',128,NULL,NULL),(466,'Consumer Attitude To Customer Service',128,NULL,NULL),(467,'Customer Acquisition',128,NULL,NULL),(468,'Customer Retention',128,NULL,NULL),(469,'Mass-Customisation Strategies',128,NULL,NULL),(470,'Online Purchasing Behaviour',128,NULL,NULL),(471,'Business Verticals',129,NULL,NULL),(472,'Demographics',129,NULL,NULL),(473,'Individual and Group',129,NULL,NULL),(474,'Preferences',129,NULL,NULL),(475,'Segments',129,NULL,NULL),(476,'Social',129,NULL,NULL),(477,'Brand Globalisation',131,NULL,NULL),(478,'Manufacturing Base Globalisation',131,NULL,NULL),(479,'Retailer Globalisation',131,NULL,NULL),(480,'Employment Law',132,NULL,NULL),(481,'IT Recruitment',132,NULL,NULL),(482,'Labor Turnover',132,NULL,NULL),(483,'Outsourcing',132,NULL,NULL),(484,'Recruitment',132,NULL,NULL),(485,'Retention Strategy',132,NULL,NULL),(486,'Selection Methods',132,NULL,NULL),(487,'Staff Retention',132,NULL,NULL),(488,'Stress Management',132,NULL,NULL),(489,'Consolidation',134,NULL,NULL),(490,'Forecasting',143,NULL,NULL),(491,'Information Economics',143,NULL,NULL),(492,'Market Dynamics',143,NULL,NULL),(493,'New Audiences Identification',144,NULL,NULL),(494,'New Channel Strategies',144,NULL,NULL),(495,'New Competitors',144,NULL,NULL),(496,'New Market Entrants',144,NULL,NULL),(497,'Niche Sector Targeting',145,NULL,NULL),(498,'Product Positioning and Placement',145,NULL,NULL),(499,'Retail Sector Focus',145,NULL,NULL),(500,'ASP Models',146,NULL,NULL),(501,'Development',146,NULL,NULL),(502,'Distribution',146,NULL,NULL),(503,'Manufacturing',146,NULL,NULL),(504,'New Intermediaries',146,NULL,NULL),(505,'Commodotisation',148,NULL,NULL),(506,'Innovation',148,NULL,NULL),(507,'NPD',148,NULL,NULL),(508,'Overcapacity',148,NULL,NULL),(509,'Price Deflation',148,NULL,NULL),(510,'System and Module Supply',148,NULL,NULL),(511,'Block Exemption',150,NULL,NULL),(512,'Deregulation',150,NULL,NULL),(513,'Environmental',150,NULL,NULL),(514,'Audience',151,NULL,NULL),(515,'Brand Repositioning',151,NULL,NULL),(516,'Branding',151,NULL,NULL),(517,'Consumers',151,NULL,NULL),(518,'Detailing',152,NULL,NULL),(519,'Distribution Channels',152,NULL,NULL),(520,'New Advertising Strategies',152,NULL,NULL),(521,'Physicians',152,NULL,NULL),(522,'Privacy',152,NULL,NULL),(523,'Procurement',152,NULL,NULL),(524,'Reseller Channel',152,NULL,NULL),(525,'Sales Technologies',152,NULL,NULL),(526,'Websites',152,NULL,NULL),(527,'Distribution Networks',153,NULL,NULL),(528,'Diversification',153,NULL,NULL),(529,'eMarket Places',153,NULL,NULL),(530,'Supplier Relationships',153,NULL,NULL),(531,'Digital Television',154,NULL,NULL),(532,'ePrescribing',154,NULL,NULL),(533,'Extranets',154,NULL,NULL),(534,'Colleges and Universities',156,NULL,NULL),(535,'Schools',156,NULL,NULL),(536,'AC Drives',181,NULL,NULL),(537,'Industrial',193,NULL,NULL),(538,'Marine',193,NULL,NULL),(539,'Power Generation',193,NULL,NULL),(540,'Transmission And Distribution',193,NULL,NULL),(541,'Acidulants',207,NULL,NULL),(542,'Alginates',207,NULL,NULL),(543,'Amino Acids and Derivatives',207,NULL,NULL),(544,'Enzymes',207,NULL,NULL),(545,'Fibres',207,NULL,NULL),(546,'Gums',207,NULL,NULL),(547,'Salts',207,NULL,NULL),(548,'Specialist Oils and Fats',207,NULL,NULL),(549,'Yeasts',207,NULL,NULL),(550,'Soya and Soya Products',208,NULL,NULL),(551,'Sweeteners',208,NULL,NULL),(552,'Bars and Public Houses',212,NULL,NULL),(553,'Foodservice',212,NULL,NULL),(554,'Hotels',212,NULL,NULL),(555,'Spectator Sports',217,NULL,NULL),(556,'Sports and Recreation Centers',217,NULL,NULL),(557,'Amusement Parks and Arcades',220,NULL,NULL),(558,'Museums, Historical Sites and Gardens',220,NULL,NULL),(559,'Performing Arts Companies',220,NULL,NULL),(560,'Direct Mail Advertising',223,NULL,NULL),(561,'Electronic Advertising',223,NULL,NULL),(562,'Film and Cinema Advertising',223,NULL,NULL),(563,'Media Buying Services',223,NULL,NULL),(564,'Media Planning and Representation',223,NULL,NULL),(565,'Outdoor Advertising',223,NULL,NULL),(566,'Print Advertising',223,NULL,NULL),(567,'Radio Advertising',223,NULL,NULL),(568,'Sales Promotion',223,NULL,NULL),(569,'TV Advertising',223,NULL,NULL),(570,'Cable Broadcasters',224,NULL,NULL),(571,'Radio Broadcasting',224,NULL,NULL),(572,'Satellite Broadcasting Industry',224,NULL,NULL),(573,'Television Broadcasting',224,NULL,NULL),(574,'Freelance Journalism',225,NULL,NULL),(575,'Cinema Film Distribution',226,NULL,NULL),(576,'Sound Recording Industries',226,NULL,NULL),(577,'Video Distribution',226,NULL,NULL),(578,'Video Production',226,NULL,NULL),(579,'Book Publishers',230,NULL,NULL),(580,'Database and Directory Publishers',230,NULL,NULL),(581,'Greetings Cards',230,NULL,NULL),(582,'Magazine Publishing',230,NULL,NULL),(583,'Newspaper Publishing',230,NULL,NULL),(584,'Printing',230,NULL,NULL),(585,'Publishing  ',230,NULL,NULL),(586,'Coal Mining Support Activities',231,NULL,NULL),(587,'Aluminum Ore Mining',233,NULL,NULL),(588,'Copper Ore and Nickel Ore Mining',233,NULL,NULL),(589,'Gold Ore and Silver Ore Mining',233,NULL,NULL),(590,'Iron Ore Mining',233,NULL,NULL),(591,'Lead Ore and Zinc Ore Mining',233,NULL,NULL),(592,'Coating, Engraving and Heat Treating ',234,NULL,NULL),(593,'Cutlery and Hand Tools',234,NULL,NULL),(594,'Forging and Stamping',234,NULL,NULL),(595,'Metal Containers and Packaging',234,NULL,NULL),(596,'Metal Doors and Windows',234,NULL,NULL),(597,'Screws, Nuts and Bolts',234,NULL,NULL),(598,'Gemstone Mining',236,NULL,NULL),(599,'Sand, Gravel and Clay',236,NULL,NULL),(600,'Stone Mining and Quarrying',236,NULL,NULL),(601,'Primary Metal Manufacturing',236,NULL,NULL),(602,'Newsprint',237,NULL,NULL),(603,'Paper Bags and Treated Paper',237,NULL,NULL),(604,'Paper Stationery Products',237,NULL,NULL),(605,'Sanitary Paper Products',237,NULL,NULL),(606,'Pulp Mills',241,NULL,NULL),(607,'Manufacturers',246,NULL,NULL),(608,'Technology',246,NULL,NULL),(609,'Healthcare Distribution',247,NULL,NULL),(610,'Healthcare Facilities and Providers',247,NULL,NULL),(611,'Healthcare Facilities and Providers',248,NULL,NULL),(612,'Endoscopy',248,NULL,NULL),(613,'Hematological Devices and Blood Products',248,NULL,NULL),(614,'Ophthalmic Devices',248,NULL,NULL),(615,'Orthopedic Devices',248,NULL,NULL),(616,'Patient Monitoring Equipment',248,NULL,NULL),(617,'Radiological Devices',248,NULL,NULL),(618,'Renal, Urology and Reproductive Devices',248,NULL,NULL),(619,'Respiratory and Anesthesia Devices',248,NULL,NULL),(620,'Scientific and Technical Instruments',248,NULL,NULL),(621,'Surgical and Medical Equipment',248,NULL,NULL),(622,'Agricultural and Environmental',249,NULL,NULL),(623,'eRetail',250,NULL,NULL),(624,'In-Store',250,NULL,NULL),(625,'Other',250,NULL,NULL),(626,'TV Shopping',250,NULL,NULL),(627,'Cash and Carries',251,NULL,NULL),(628,'Warehouse Clubs',251,NULL,NULL),(629,'Accessories',252,NULL,NULL),(630,'Clothing',252,NULL,NULL),(631,'Footwear',252,NULL,NULL),(632,'Luxury Goods',252,NULL,NULL),(633,'Convenience Stores and Traditional Grocers',253,NULL,NULL),(634,'Gas Stations and Forecourt Retailers',253,NULL,NULL),(635,'In-Store',254,NULL,NULL),(636,'Kiosks',254,NULL,NULL),(637,'Other',254,NULL,NULL),(638,'Discount and Value',256,NULL,NULL),(639,'General Merchandisers',256,NULL,NULL),(640,'Variety',256,NULL,NULL),(641,'Drug Stores and Pharmacies',257,NULL,NULL),(642,'Health and Beauty',257,NULL,NULL),(643,'Opticians',257,NULL,NULL),(644,'Brown Goods',259,NULL,NULL),(645,'Grey Goods',259,NULL,NULL),(646,'White Goods',259,NULL,NULL),(647,'Bakers',260,NULL,NULL),(648,'Butchers',260,NULL,NULL),(649,'Delicatessens',260,NULL,NULL),(650,'Drinks Specialists',260,NULL,NULL),(651,'Fishmongers',260,NULL,NULL),(652,'Greengrocers',260,NULL,NULL),(653,'Other Food and Drink Specialists',260,NULL,NULL),(654,'Floor Coverings',261,NULL,NULL),(655,'Furniture',261,NULL,NULL),(656,'Housewares',261,NULL,NULL),(657,'Builders Merchants',262,NULL,NULL),(658,'Gardening and Outdoor Living',262,NULL,NULL),(659,'Home Improvement',262,NULL,NULL),(660,'Discounters',263,NULL,NULL),(661,'Hypermarket',263,NULL,NULL),(662,'Supermarkets',263,NULL,NULL),(663,'Bookstores',264,NULL,NULL),(664,'Entertainment Software',264,NULL,NULL),(665,'Music and Video',264,NULL,NULL),(666,'Stationers and Greetings Cards ',264,NULL,NULL),(667,'Market Traders',265,NULL,NULL),(668,'Other General Retailers',265,NULL,NULL),(669,'Secondhand and Charity Stores',265,NULL,NULL),(670,'Flower Shops',266,NULL,NULL),(671,'Gift Shops',266,NULL,NULL),(672,'Jewellers',266,NULL,NULL),(673,'Office Products',266,NULL,NULL),(674,'Pet Shops',266,NULL,NULL),(675,'Sporting Goods',266,NULL,NULL),(676,'Toy and Hobby',266,NULL,NULL),(677,'Carrier Networks and Technology',268,NULL,NULL),(678,'Carrier Wholesale Services',268,NULL,NULL),(679,'Consumer Services',268,NULL,NULL),(680,'Contact Center',268,NULL,NULL),(681,'Enterprise Services',268,NULL,NULL),(682,'Telecoms Market',268,NULL,NULL),(683,'Consumer Software',268,NULL,NULL),(684,'Market',268,NULL,NULL),(685,'Technology Evolution',268,NULL,NULL),(686,'Users',268,NULL,NULL),(687,'Vendors',268,NULL,NULL),(688,'Clients and Peripherals',269,NULL,NULL),(689,'Security Solutions',269,NULL,NULL),(690,'Semiconductors and Processors',269,NULL,NULL),(691,'Servers',269,NULL,NULL),(692,'Storage',269,NULL,NULL),(693,'Applications',270,NULL,NULL),(694,'Business Process Outsourcing (BPO)',270,NULL,NULL),(695,'Functional and Consulting Services',270,NULL,NULL),(696,'Infrastructure',270,NULL,NULL),(697,'Sourcing',270,NULL,NULL),(698,'Application Lifecycle',271,NULL,NULL),(699,'Couriers and Messengers',276,NULL,NULL),(700,'Express and Parcels',276,NULL,NULL),(701,'Postal',276,NULL,NULL),(702,'Air Freight',277,NULL,NULL),(703,'Freight Forwarding',277,NULL,NULL),(704,'Rail Freight',277,NULL,NULL),(705,'Road Freight',277,NULL,NULL),(706,'Sea Freight',277,NULL,NULL),(707,'Air',278,NULL,NULL),(708,'Rail',278,NULL,NULL),(709,'Road',278,NULL,NULL),(710,'Inland Water Transportation',278,NULL,NULL),(711,'Sea',278,NULL,NULL),(712,'Airports',279,NULL,NULL),(713,'Highway Operators',279,NULL,NULL),(714,'Intermodal',279,NULL,NULL),(715,'Port and Harbor Operations',279,NULL,NULL),(716,'Rail',279,NULL,NULL),(717,'Shipbuilding',279,NULL,NULL),(718,'Autocentres',316,NULL,NULL),(719,'Crash Repair',316,NULL,NULL),(720,'Fast Fit',316,NULL,NULL),(721,'Franchised Dealers',316,NULL,NULL),(722,'Hypermarkets',316,NULL,NULL),(723,'Independent Garages',316,NULL,NULL),(724,'Automobile Navigation Systems',320,NULL,NULL),(725,'Autosound',320,NULL,NULL),(726,'Batteries',320,NULL,NULL),(727,'Controls and Modules',320,NULL,NULL),(728,'Ignition Systems and Parts',320,NULL,NULL),(729,'Lighting Equipment',320,NULL,NULL),(730,'Security Systems',320,NULL,NULL),(731,'Batteries',321,NULL,NULL),(732,'Brake Parts and Assemblies',321,NULL,NULL),(733,'Clutches',321,NULL,NULL),(734,'Engine and Drivetrain Parts',321,NULL,NULL),(735,'Exhaust and Emission Parts',321,NULL,NULL),(736,'Filters',321,NULL,NULL),(737,'Shock Absorbers',321,NULL,NULL),(738,'Wipers',321,NULL,NULL),(739,'Original Equipment',321,NULL,NULL),(740,'Aftermarket',321,NULL,NULL),(741,'Bus and Coach',323,NULL,NULL),(742,'Light Commercial Vehicles',323,NULL,NULL),(743,'Trucks',323,NULL,NULL),(744,'Car Leasing',325,NULL,NULL),(745,'Truck Leasing',325,NULL,NULL),(746,'Van Leasing',325,NULL,NULL),(747,'Car Rental',326,NULL,NULL),(748,'Truck Rental',326,NULL,NULL),(749,'Van Rental',326,NULL,NULL),(750,'Ales, Stouts and Bitters',360,NULL,NULL),(751,'Cider',360,NULL,NULL),(752,'Flavored Alcoholic Beverages (FABs)',360,NULL,NULL),(753,'Lager',360,NULL,NULL),(754,'Low and No-Alcohol Beer',360,NULL,NULL),(755,'Specialty Beer',360,NULL,NULL),(756,'Brandy',361,NULL,NULL),(757,'Gin and Genever',361,NULL,NULL),(758,'Liqueurs',361,NULL,NULL),(759,'Rum',361,NULL,NULL),(760,'Specialty Spirits',361,NULL,NULL),(761,'Vodka',361,NULL,NULL),(762,'Whiskey',361,NULL,NULL),(763,'Fortified Wine',362,NULL,NULL),(764,'Sparkling Wine',362,NULL,NULL),(765,'Still Wine',362,NULL,NULL),(766,'Baby Juice',363,NULL,NULL),(767,'Infant Formula',363,NULL,NULL),(768,'Coffee',365,NULL,NULL),(769,'Other Hot Drinks',365,NULL,NULL),(770,'Tea',365,NULL,NULL),(771,'Bottled Water',366,NULL,NULL),(772,'Carbonates',366,NULL,NULL),(773,'Concentrates',366,NULL,NULL),(774,'Functional Drinks',366,NULL,NULL),(775,'Juices',366,NULL,NULL),(776,'RTD Tea and Coffee',366,NULL,NULL),(777,'Smoothies',366,NULL,NULL),(778,'Baby Cereals',373,NULL,NULL),(779,'Baby Snacks',373,NULL,NULL),(780,'Bottled Baby Food',373,NULL,NULL),(781,'Canned Baby Food',373,NULL,NULL),(782,'Other Baby Foods',373,NULL,NULL),(783,'Bread and Rolls',374,NULL,NULL),(784,'Aviation',380,NULL,NULL),(785,'Bunkers',380,NULL,NULL),(786,'Forecourt',380,NULL,NULL),(787,'Liquified Petroleum Gas (LPG)',380,NULL,NULL),(788,'Charge Cards',413,NULL,NULL),(789,'Commercial Cards',413,NULL,NULL),(790,'Credit Cards',413,NULL,NULL),(791,'Debit Cards',413,NULL,NULL),(792,'Pre-paid Cards',413,NULL,NULL),(793,'Private Label Cards',413,NULL,NULL),(794,'Group Accident and Health',428,NULL,NULL),(795,'Liability',428,NULL,NULL),(796,'MAT',428,NULL,NULL),(797,'Motor',428,NULL,NULL),(798,'Pecuniary Loss',428,NULL,NULL),(799,'Property',428,NULL,NULL),(800,'Accident and Health',429,NULL,NULL),(801,'Creditor and Pecuniary Loss',429,NULL,NULL),(802,'Liability',429,NULL,NULL),(803,'Motor',429,NULL,NULL),(804,'Niche Lines',429,NULL,NULL),(805,'Property',429,NULL,NULL),(806,'Accident',430,NULL,NULL),(807,'Financial Responsibility',430,NULL,NULL),(808,'Fire',430,NULL,NULL),(809,'Health and Medical',430,NULL,NULL),(810,'Life Reinsurance',430,NULL,NULL),(811,'Marine',430,NULL,NULL),(812,'Other',430,NULL,NULL),(813,'Bank Transfers',436,NULL,NULL),(814,'Cash',436,NULL,NULL),(815,'Cheque',436,NULL,NULL),(816,'Direct Debit',436,NULL,NULL),(817,'New Payment Technologies',436,NULL,NULL),(818,'Motor Finance',438,NULL,NULL),(819,'Overdraft and Lines of Credit',438,NULL,NULL),(820,'Personal Loans',438,NULL,NULL),(821,'Retail Finance',438,NULL,NULL),(822,'Equities',442,NULL,NULL),(823,'Mutual Funds',442,NULL,NULL),(824,'Retail Brokerage',442,NULL,NULL),(825,'Savings Accounts',442,NULL,NULL),(826,'Agriculture, Mining, Extraction',471,NULL,NULL),(827,'Entertainment, Media and Leisure',471,NULL,NULL),(828,'Financial Services',471,NULL,NULL),(829,'Healthcare',471,NULL,NULL),(830,'Manufacturing',471,NULL,NULL),(831,'Public Sector',471,NULL,NULL),(832,'Retail, Wholesale and Distribution',471,NULL,NULL),(833,'Services',471,NULL,NULL),(834,'Telecommunications and Utilities',471,NULL,NULL),(835,'Cost Foodservice',553,NULL,NULL),(836,'Fast Food Restaurants',553,NULL,NULL),(837,'Full-Service Restaurants',553,NULL,NULL),(838,'Mobile Food Services',553,NULL,NULL),(839,'Profit Foodservice',553,NULL,NULL),(840,'Commercial Television',573,NULL,NULL),(841,'Digital Television',573,NULL,NULL),(842,'Interactive Television',573,NULL,NULL),(843,'Pay-per-View Television',573,NULL,NULL),(844,'Public Service Television',573,NULL,NULL),(845,'Trade Journal Publishing',582,NULL,NULL),(846,'Book Printing',584,NULL,NULL),(847,'Digital Printing',584,NULL,NULL),(848,'Quick Printing',584,NULL,NULL),(849,'Support Activities for Printing',584,NULL,NULL),(850,'Limestone Mining and Quarrying',600,NULL,NULL),(851,'Ferrous Metal Foundries',601,NULL,NULL),(852,'Iron, Steel and Ferroalloys',601,NULL,NULL),(853,'Non-Ferrous Metal Foundries',601,NULL,NULL),(854,'Non-Ferrous Metals',601,NULL,NULL),(855,'Biological Defense',607,NULL,NULL),(856,'Biomanufacturing',607,NULL,NULL),(857,'Vaccines',607,NULL,NULL),(858,'Enabling Technology',608,NULL,NULL),(859,'Gene and Cell Therapy',608,NULL,NULL),(860,'Genomics, Proteomics and Pharmacogenomics',608,NULL,NULL),(861,'Stem Cells',608,NULL,NULL),(862,'Distributors',609,NULL,NULL),(863,'Pharmacies',609,NULL,NULL),(864,'Wholesalers',609,NULL,NULL),(865,'Acute Care and Hospitals',610,NULL,NULL),(866,'Dental Services',610,NULL,NULL),(867,'Diagnostic Services',610,NULL,NULL),(868,'Disease Management',610,NULL,NULL),(869,'Healthcare Insurance',610,NULL,NULL),(870,'Healthcare Referral Services',610,NULL,NULL),(871,'Long-Term Care Facilities',610,NULL,NULL),(872,'Managed Care',610,NULL,NULL),(873,'Medical and Diagnostic Laboratories',610,NULL,NULL),(874,'Interactive Voice Response (IVR)',610,NULL,NULL),(875,'Internet clinical trails',610,NULL,NULL),(876,'Internet Services',610,NULL,NULL),(877,'Lot Release Testing',610,NULL,NULL),(878,'Lyophilization',610,NULL,NULL),(879,'Machinery Design and Construction',610,NULL,NULL),(880,'Software',610,NULL,NULL),(881,'Bone Regeneration and Reconstruction',611,NULL,NULL),(882,'Cell and Tissue Storage',611,NULL,NULL),(883,'Cell Regeneration',611,NULL,NULL),(884,'Resorbable, Biocompatible, Biodegradable Synthetic Polymers and Implants',611,NULL,NULL),(885,'Sealants',611,NULL,NULL),(886,'Skin and Tissue Regeneration and Reconstruction',611,NULL,NULL),(887,'Cancer Diagnostics',611,NULL,NULL),(888,'Cardiovascular Diagnostics',611,NULL,NULL),(889,'Clinical Diagnostics',611,NULL,NULL),(890,'CNS and Neurological Diagnostics',611,NULL,NULL),(891,'Contrast Media',611,NULL,NULL),(892,'Drugs Abuse Diagnostics',611,NULL,NULL),(893,'Imaging',611,NULL,NULL),(894,'Immunology and Allergy Diagnostics',611,NULL,NULL),(895,'General Clinical Supplies',611,NULL,NULL),(896,'Specialty Products',611,NULL,NULL),(897,'Surgical and Invasive Products',611,NULL,NULL),(898,'Analysis Systems and Hematology Tests',613,NULL,NULL),(899,'Blood Substitutes and Oxygen Carriers',613,NULL,NULL),(900,'Collection Devices',613,NULL,NULL),(901,'Decontamination Devices',613,NULL,NULL),(902,'Dialysis Systems',613,NULL,NULL),(903,'Bone Grafting',615,NULL,NULL),(904,'Braces Supports and Soft Goods',615,NULL,NULL),(905,'Hip Implants',615,NULL,NULL),(906,'Hyaluronic Acid Viscosupplementation',615,NULL,NULL),(907,'Knee Implants',615,NULL,NULL),(908,'Shoulder and Small Joint Implants',615,NULL,NULL),(909,'Spinal Implants',615,NULL,NULL),(910,'Sports Medicine',615,NULL,NULL),(911,'Cardiology',616,NULL,NULL),(912,'General and Imaging',616,NULL,NULL),(913,'Neurological',616,NULL,NULL),(914,'Oncology',616,NULL,NULL),(915,'Point-of-Care',616,NULL,NULL),(916,'General Surgical Applications',621,NULL,NULL),(917,'Neuro Applications',621,NULL,NULL),(918,'Respiratory Applications',621,NULL,NULL),(919,'Treatment Modalities',621,NULL,NULL),(920,'Crop Improvement',622,NULL,NULL),(921,'Environmental Cleanup and Testing',622,NULL,NULL),(922,'Catalog',625,NULL,NULL),(923,'Childrenswear',630,NULL,NULL),(924,'Menswear',630,NULL,NULL),(925,'Womenswear',630,NULL,NULL),(926,'Convenience Stores',633,NULL,NULL),(927,'Traditional Grocers',633,NULL,NULL),(928,'Gas Stations',634,NULL,NULL),(929,'Motorway Service Areas',634,NULL,NULL),(930,'Beauty and Cosmetics',642,NULL,NULL),(931,'Health Stores',642,NULL,NULL),(932,'Household Hardware and Lighting',656,NULL,NULL),(933,'Textiles and Soft Furnishings',656,NULL,NULL),(934,'Components',677,NULL,NULL),(935,'CPE',677,NULL,NULL),(936,'Network Infrastructure',677,NULL,NULL),(937,'Telecoms Software and IT',677,NULL,NULL),(938,'Interconnect Services',678,NULL,NULL),(939,'Wholesale Capacity',678,NULL,NULL),(940,'Wholesale Voice',678,NULL,NULL),(941,'Content Services',679,NULL,NULL),(942,'Data',679,NULL,NULL),(943,'Voice',679,NULL,NULL),(944,'Wireless Network Services',679,NULL,NULL),(945,'Agent Desktop',680,NULL,NULL),(946,'Contact Center Market Demographics',680,NULL,NULL),(947,'Hosted Contact Centers',680,NULL,NULL),(948,'Inbound Hardware',680,NULL,NULL),(949,'Inbound Software',680,NULL,NULL),(950,'Interactive Voice Response (IVR)',680,NULL,NULL),(951,'Optimization and Analytics',680,NULL,NULL),(952,'Outbound',680,NULL,NULL),(953,'Outsourced Contact Centers',680,NULL,NULL),(954,'Recording and Monitoring',680,NULL,NULL),(955,'Speech Recognition',680,NULL,NULL),(956,'Virtual Contact Centers',680,NULL,NULL),(957,'Managed Communications Services',681,NULL,NULL),(958,'Unified and Converged Communications',681,NULL,NULL),(959,'Adjacent',682,NULL,NULL),(960,'Fixed',682,NULL,NULL),(961,'Mobile',682,NULL,NULL),(962,'Digital and Interactive TV',679,NULL,NULL),(963,'Games and Gambling',679,NULL,NULL),(964,'Home Computing and Networking',679,NULL,NULL),(965,'Internet Access',679,NULL,NULL),(966,'Desktop Utilities',683,NULL,NULL),(967,'Games',683,NULL,NULL),(968,'Learning and Education',683,NULL,NULL),(969,'Music, Images, and Video',683,NULL,NULL),(970,'Market Definition, Ecosystem and Evolution',684,NULL,NULL),(971,'Market Drivers and Inhibitors',684,NULL,NULL),(972,'Market Size, Growth and Segmentation',684,NULL,NULL),(973,'Policy and Regulation',684,NULL,NULL),(974,'Architecture',685,NULL,NULL),(975,'Functionality',685,NULL,NULL),(976,'Technology Standards',685,NULL,NULL),(977,'Best Practice, Deployment, Application and Management',686,NULL,NULL),(978,'Business Drivers and Inhibitors',686,NULL,NULL),(979,'Case Studies',686,NULL,NULL),(980,'Enterprise Architecture',686,NULL,NULL),(981,'Governance and Compliance ',686,NULL,NULL),(982,'IT Budgets and Financial Management',686,NULL,NULL),(983,'IT Business Alignment',686,NULL,NULL),(984,'Priorities and Needs',686,NULL,NULL),(985,'Procurement and Sourcing Strategy',686,NULL,NULL),(986,'Security and Business Continuity',686,NULL,NULL),(987,'Technology or Services Selection',686,NULL,NULL),(988,'Company Results and Financials',687,NULL,NULL),(989,'Contract Wins and Deals',687,NULL,NULL),(990,'Legal Issues',687,NULL,NULL),(991,'Market Impact and Share',687,NULL,NULL),(992,'Mergers and Acquisitions (M&A)',687,NULL,NULL),(993,'Partners and Channels',687,NULL,NULL),(994,'Strategy',687,NULL,NULL),(995,'Desktops, Notebooks, Workstations',688,NULL,NULL),(996,'Games Consoles',688,NULL,NULL),(997,'Hand-Held Devices',688,NULL,NULL),(998,'Monitors and Terminals',688,NULL,NULL),(999,'Printers, Scanners and Imaging Devices',688,NULL,NULL),(1000,'Thin-Clients',688,NULL,NULL),(1001,'Firewall and VPN',689,NULL,NULL),(1002,'Identity and Access Management',689,NULL,NULL),(1003,'Intrusion Detection and Prevention',689,NULL,NULL),(1004,'Secure Content Management',689,NULL,NULL),(1005,'Security and Vulnerability Management',689,NULL,NULL),(1006,'Entry-Level',691,NULL,NULL),(1007,'Midrange and Mainframes',691,NULL,NULL),(1008,'Development',693,NULL,NULL),(1009,'Hosting',693,NULL,NULL),(1010,'Integration and Collaboration',693,NULL,NULL),(1011,'Management',693,NULL,NULL),(1012,'Testing',693,NULL,NULL),(1013,'Customer Management and Contact Centers (CRM)',694,NULL,NULL),(1014,'Finance and Accounting',694,NULL,NULL),(1015,'Human Resources (HR)',694,NULL,NULL),(1016,'Payments and Billing',694,NULL,NULL),(1017,'Research and Development Services (R&D)',694,NULL,NULL),(1018,'Supply Management',694,NULL,NULL),(1019,'Vertical-Specific BPO',694,NULL,NULL),(1020,'Business Consulting and Design',695,NULL,NULL),(1021,'Strategic Outsourcing Advisory',695,NULL,NULL),(1022,'Systems Development and Integration',695,NULL,NULL),(1023,'Technology and Transformation Consulting',695,NULL,NULL),(1024,'Desktop Support and Management',696,NULL,NULL),(1025,'Hosting and Data Center Services',696,NULL,NULL),(1026,'Network and Communications',696,NULL,NULL),(1027,'Security and Privacy',696,NULL,NULL),(1028,'Storage',696,NULL,NULL),(1029,'Offshore and Delivery Models',697,NULL,NULL),(1030,'Application Development',698,NULL,NULL),(1031,'Application Testing',698,NULL,NULL),(1032,'Change and Configuration Management',698,NULL,NULL),(1033,'Development Methodologies',698,NULL,NULL),(1034,'Enterprise Architecture',698,NULL,NULL),(1035,'Modelling and Design',698,NULL,NULL),(1036,'Chartered Air Freight',702,NULL,NULL),(1037,'Scheduled Air Freight',702,NULL,NULL),(1038,'Airline Ticketing and Reservations',707,NULL,NULL),(1039,'Chartered Passenger Airlines',707,NULL,NULL),(1040,'Scheduled Passenger Airlines',707,NULL,NULL),(1041,'Alcoholic Soft Drinks',752,NULL,NULL),(1042,'Pre-Mixed Spirits',752,NULL,NULL),(1043,'Wine Coolers',752,NULL,NULL),(1044,'Premium Lager',753,NULL,NULL),(1045,'Standard Lager',753,NULL,NULL),(1046,'Armagnac',756,NULL,NULL),(1047,'Cognac',756,NULL,NULL),(1048,'Fruit Brandy',756,NULL,NULL),(1049,'Other Grape Brandy',756,NULL,NULL),(1050,'Cream Liqueurs',758,NULL,NULL),(1051,'Fruit Liqueurs',758,NULL,NULL),(1052,'Other Liqueurs',758,NULL,NULL),(1053,'Dark Rum',759,NULL,NULL),(1054,'Light Rum',759,NULL,NULL),(1055,'Other Specialty Spirits',760,NULL,NULL),(1056,'Rice-Based Spirits',760,NULL,NULL),(1057,'Sake',760,NULL,NULL),(1058,'Shochu',760,NULL,NULL),(1059,'Tequila and Mezcal',760,NULL,NULL),(1060,'Flavored Vodka',761,NULL,NULL),(1061,'Unflavored Vodka',761,NULL,NULL),(1062,'American Whiskey',762,NULL,NULL),(1063,'Canadian Whiskey',762,NULL,NULL),(1064,'Irish Whiskey',762,NULL,NULL),(1065,'Other Whiskey',762,NULL,NULL),(1066,'Scotch Whisky',762,NULL,NULL),(1067,'Madeira',763,NULL,NULL),(1068,'Other Fortified Wine',763,NULL,NULL),(1069,'Port',763,NULL,NULL),(1070,'Sherry',763,NULL,NULL),(1071,'Vermouth',763,NULL,NULL),(1072,'Cava',764,NULL,NULL),(1073,'Champagne',764,NULL,NULL),(1074,'Other Sparkling Wine',764,NULL,NULL),(1075,' Red Wine',765,NULL,NULL),(1076,'Rosé',765,NULL,NULL),(1077,'White Wine',765,NULL,NULL),(1078,'Concentrated',766,NULL,NULL),(1079,'Ready To Drink',766,NULL,NULL),(1080,'Instant Coffee',768,NULL,NULL),(1081,'Roast and Ground Coffee',768,NULL,NULL),(1082,'Malt-Based Hot Drinks',769,NULL,NULL),(1083,'Chocolate-Based Hot Drinks',769,NULL,NULL),(1084,'Black Specialty Tea',770,NULL,NULL),(1085,'Black Standard Tea',770,NULL,NULL),(1086,'Fruit and Herbal Tea',770,NULL,NULL),(1087,'Green Tea',770,NULL,NULL),(1088,'Instant Tea',770,NULL,NULL),(1089,'Sparkling Flavored',771,NULL,NULL),(1090,'Sparkling Unflavored',771,NULL,NULL),(1091,'Still Flavored',771,NULL,NULL),(1092,'Still Unflavored',771,NULL,NULL),(1093,'Diet Cola',772,NULL,NULL),(1094,'Fruit-Flavored Carbonates',772,NULL,NULL),(1095,'Mixers',772,NULL,NULL),(1096,'Other Carbonates',772,NULL,NULL),(1097,'Standard Cola',772,NULL,NULL),(1098,'Liquid Concentrates',773,NULL,NULL),(1099,'Powder Concentrates',773,NULL,NULL),(1100,'Energy and Sports Drinks',774,NULL,NULL),(1101,'Nutraceutical Drinks',774,NULL,NULL),(1102,'Fruit Drinks (0-29% Juice)',775,NULL,NULL),(1103,'Nectars',775,NULL,NULL),(1104,'Pure Fruit (100% Juice)',775,NULL,NULL),(1105,'Vegetable Juice',775,NULL,NULL),(1106,'RTD Coffee',776,NULL,NULL),(1107,'RTD Tea',776,NULL,NULL),(1108,'Dairy-Based',777,NULL,NULL),(1109,'Fruit-Based',777,NULL,NULL),(1110,'Cereal',778,NULL,NULL),(1111,'Other Baby Cereals',778,NULL,NULL),(1112,'Porridge',778,NULL,NULL),(1113,'Cereal Bars',779,NULL,NULL),(1114,'Other Baby Snacks',779,NULL,NULL),(1115,'Other Biscuits',779,NULL,NULL),(1116,'Rice Cakes',779,NULL,NULL),(1117,'Rusks',779,NULL,NULL),(1118,'Fruit Based',780,NULL,NULL),(1119,'Other Bottled Baby Food',780,NULL,NULL),(1120,'Vegetable Based',780,NULL,NULL),(1121,'Fruit Based',781,NULL,NULL),(1122,'Other Canned Baby Food',781,NULL,NULL),(1123,'Vegetable Based',781,NULL,NULL),(1124,'Baby Fruit Pots',782,NULL,NULL),(1125,'Baby Yogurts',782,NULL,NULL),(1126,'Toddler Ready Meals',782,NULL,NULL),(1127,'Artisanal Bread and Rolls',783,NULL,NULL),(1128,'Aluminum Production',854,NULL,NULL),(1129,'Copper and Copper Alloys',854,NULL,NULL),(1130,'Precious Metals',854,NULL,NULL),(1131,'Steel Cold Rolling and Forming',854,NULL,NULL),(1132,'Steel Product Manufacturing',854,NULL,NULL),(1133,'Platform Technology',857,NULL,NULL),(1134,'Bioinformatics',858,NULL,NULL),(1135,'Biopharmaceutical Drug Discovery',858,NULL,NULL),(1136,'Drug Development',858,NULL,NULL),(1137,'Nano and In Silico Biology',858,NULL,NULL),(1138,'Small Molecule Drug Discovery',858,NULL,NULL),(1139,'Cell Based Therapy',859,NULL,NULL),(1140,'Gene Based Therapy',859,NULL,NULL),(1141,'Drug Discovery',860,NULL,NULL),(1142,'Pharmacogenomics',860,NULL,NULL),(1143,'Product Suppliers',860,NULL,NULL),(1144,'Service Companies',860,NULL,NULL),(1145,'Blood and Chemistry Analysis Laboratory Services',873,NULL,NULL),(1146,'Blood and Organ Banks',873,NULL,NULL),(1147,'Dental Laboratory Services',873,NULL,NULL),(1148,'Diagnostic Imaging Centers',873,NULL,NULL),(1149,'Drug and Alcohol Screening Services',873,NULL,NULL),(1150,'Fertility Clinics',873,NULL,NULL),(1151,'Medical Research Laboratory Services',873,NULL,NULL),(1152,'X-Ray Laboratory Services',873,NULL,NULL),(1153,'Medical Practice Management and Services',873,NULL,NULL),(1154,'Nursing and Residential Care Facilities',873,NULL,NULL),(1155,'Outpatient Care Centers',873,NULL,NULL),(1156,'Pharmacy Services',873,NULL,NULL),(1157,'Primary Care Physicians',873,NULL,NULL),(1158,'Special Services',873,NULL,NULL),(1159,'Specialist Physician Services',873,NULL,NULL),(1160,'Surgical Services ',873,NULL,NULL),(1161,'Competitor Strategy',994,NULL,NULL),(1162,'Delivery Strategy',994,NULL,NULL),(1163,'Go-to-Market Strategy',994,NULL,NULL),(1164,'Pricing',994,NULL,NULL),(1165,'Product and Technology Strategy',994,NULL,NULL),(1166,'Services Strategy',994,NULL,NULL),(1167,'Follow On Milk',767,NULL,NULL),(1168,'Other Infant Formula ',767,NULL,NULL),(1169,'Starting Milk',767,NULL,NULL),(1170,'Toddler Milk',767,NULL,NULL);

insert into purchaseorder(txnid,purchsedate) values(1235555520,PARSEDATETIME('06-22-2016','MM-dd-yyyy'));
insert into purchaseorder(txnid,purchsedate) values(1235555521,PARSEDATETIME('05-23-2016','MM-dd-yyyy'));
insert into purchaseorder(txnid,purchsedate) values(1235555522,PARSEDATETIME('04-24-2016','MM-dd-yyyy'));

update hibernate_sequences set sequence_next_hi_value = 1 where sequence_next_hi_value = 0 and sequence_name = 'report';
insert into report (profiletype,COMPANY_INTL_TYPE,country_id, file_path, industry, inserted_date, overview, price, publishing_date, reptype_id, report_title, table_of_contents, update_cycle, report_id) values ('industryreport',1,'1', 'reports\bfa5fd81-9ab5-4b7c-8066-2b7c6a6870de1461395919696.doc', 'Chemicals,Ingredients', null, '<Reader of length 56>', '4,565', PARSEDATETIME('04-22-2016','MM-dd-yyyy'), 2, 'kumar industry', '<Reader of length 98>', 'Quarterly', 1);
insert into industry_report_form (report_id) values (1);
insert into report_status (report_status_id, comments, cycle_id, report_id, status, status_id, user_id, user_type) values (null, 'reported created', 1, 1, 'Created', 1, 65536, 'AUTHOR');
insert into report (profiletype,COMPANY_INTL_TYPE,country_id, file_path, industry, inserted_date, overview, price, publishing_date, reptype_id, report_title, table_of_contents, update_cycle, report_id) values ('industryreport',1,'1', 'reports\74ba4c4b-e263-4b10-9885-1e7c3ba791671461395922382.doc', '<Reader of length 28>',null, '<Reader of length 56>', '4,565', PARSEDATETIME('04-22-2016','MM-dd-yyyy'), 2, 'kumar industry', '<Reader of length 98>', 'Quarterly', 2);
insert into industry_report_form (report_id) values (2);
insert into report_status (report_status_id, comments, cycle_id, report_id, status, status_id, user_id, user_type) values (null, 'reported created', 1, 2, 'Created', 1, 65536, 'AUTHOR');
insert into report (profiletype,COMPANY_INTL_TYPE,country_id, file_path, industry, inserted_date, overview, price, publishing_date, reptype_id, report_title, table_of_contents, update_cycle, report_id) values ('industryreport',1,'1', 'reports\f7674a3c-5d8c-442d-bc59-a42c5ccd183a1461395923896.doc', '<Reader of length 28>',null, '<Reader of length 56>', '4,565', PARSEDATETIME('04-22-2016','MM-dd-yyyy'), 2, 'kumar industry', '<Reader of length 98>', 'Quarterly', 3);
insert into industry_report_form ( report_id) values (3);
insert into report_status (report_status_id, comments, cycle_id, report_id, status, status_id, user_id, user_type) values (null, 'reported created', 1, 3, 'Created', 1, 65536, 'AUTHOR');
insert into report (profiletype,COMPANY_INTL_TYPE,country_id, file_path, industry, inserted_date, overview, price, publishing_date, reptype_id, report_title, table_of_contents, update_cycle, report_id) values ('industryreport',1,'1', 'reports\f8ace2f8-c93b-4df9-bede-1a72de969adf1461395925377.doc', '<Reader of length 28>',null, '<Reader of length 56>', '4,565', PARSEDATETIME('04-22-2016','MM-dd-yyyy'), 2, 'kumar industry', '<Reader of length 98>', 'Quarterly', 4);
insert into industry_report_form (report_id) values (4);
insert into report_status (report_status_id, comments, cycle_id, report_id, status, status_id, user_id, user_type) values (null, 'reported created', 1, 4, 'Created', 1, 65536, 'AUTHOR');
insert into report (purchase_Id,profiletype,COMPANY_INTL_TYPE,country_id, file_path, industry, inserted_date, overview, price, publishing_date, reptype_id, report_title, table_of_contents, update_cycle, report_id) values (1235555520,'industryreport',2,'2', 'reports\44f23360-0827-4be9-8e3f-7b6d22a1c9441461395971485.xlsm', 'Agriculture',null, '<Reader of length 16>', '4565', PARSEDATETIME('04-22-2016','MM-dd-yyyy'), 2, 'anilcpdp', '<Reader of length 32>', 'Annually', 5);
insert into industry_report_form ( report_id) values (5);
insert into report_status (report_status_id, comments, cycle_id, report_id, status, status_id, user_id, user_type) values (null, 'reported created', 1, 5, 'Created', 1, 65536, 'AUTHOR');
insert into report (purchase_Id,profiletype,COMPANY_INTL_TYPE,country_id, file_path, industry, inserted_date, overview, price, publishing_date, reptype_id, report_title, table_of_contents, update_cycle, report_id) values (1235555521,'industryreport',2,'2', 'reports\7c84f3b2-34e5-4d25-9f5e-58f92306595a1461395975184.xlsm', 'Metals and Mining', null, '<Reader of length 16>', '4565', PARSEDATETIME('04-22-2016','MM-dd-yyyy'), 2, 'anilcpdp', '<Reader of length 32>', 'Annually', 6);
insert into industry_report_form (report_id) values (6);
insert into report_status (report_status_id, comments, cycle_id, report_id, status, status_id, user_id, user_type) values (null, 'reported created', 1, 6, 'Created', 1, 65536, 'AUTHOR');
insert into report (purchase_Id,profiletype,COMPANY_INTL_TYPE,country_id, file_path, industry, inserted_date, overview, price, publishing_date, reptype_id, report_title, table_of_contents, update_cycle, report_id) values (1235555522,'industryreport',2,'2', 'reports\55ce6a8c-a55a-4410-8eb6-f5783c7c8ada1461395978036.xlsm', 'Chemicals,Media',null, 'this report is about chemical and media', '4565', PARSEDATETIME('04-23-2016','MM-dd-yyyy'), 2, 'anilcpdp', 'sample toc', 'Annually', 7);
insert into industry_report_form ( report_id) values (7);
insert into report_status (report_status_id, comments, cycle_id, report_id, status, status_id, user_id, user_type) values (null, 'reported created', 1, 7, 'Created', 1, 65536, 'AUTHOR');
update report_status set status_id=4 where report_id=1;
insert into hibernate_sequences(sequence_name, sequence_next_hi_value) values('report_history', 0);
update hibernate_sequences set sequence_next_hi_value = 1 where sequence_next_hi_value = 0 and sequence_name = 'report_history';
update report_status set status_id=4 where report_id=2;
insert into report_history (inserted_date, report_id, status_id, user_id, id) values (null, 1, 1, 32768, 1);
insert into report_history (inserted_date, report_id, status_id, user_id, id) values (null, 2, 1, 32768, 2);
update report_status set status_id=5 where report_id in (1 , 2);
insert into report_assigners (report_assigners_id, active, publisher_id, report_id, reviwer_id) values (null, 'Y', 32769, 6, 32768);
insert into report_assigners (report_assigners_id, active, publisher_id, report_id, reviwer_id) values (null, 'Y', 32769, 7, 32768);
update report_status set status_id=2 where report_id in (6 , 7);
update report_status set status_id=4 where report_id=6;
update report_status set status_id=4 where report_id=7;
insert into report_history (inserted_date, report_id, status_id, user_id, id) values (null, 6, 1, 32768, 3);
insert into report_history (inserted_date, report_id, status_id, user_id, id) values (null, 7, 1, 32768, 4);
update report_status set status_id=5 where report_id in (6 , 7);
update hibernate_sequences set sequence_next_hi_value = 4 where sequence_next_hi_value = 3 and sequence_name = 'user';
insert into user (account_type, is_agreed_tc, email_id, first_name, last_name, password, title, user_name, userstatus, id) values ('USER', 0, 'test@gmail.com', 'user', 'ch', '123', 'MR', 'test', 'Active', 98304);
insert into customer (city, country, occupation, id) values ('hyd', '1', '0', 98304);
insert into hibernate_sequences(sequence_name, sequence_next_hi_value) values('purchaseorder', 0);
update hibernate_sequences set sequence_next_hi_value = 1 where sequence_next_hi_value = 0 and sequence_name = 'purchaseorder';
insert into purchaseorder (customer_id, purchsedate, txnid) values (98304, PARSEDATETIME('07-16-2016','MM-dd-yyyy'), 1);
update report set purchase_id=1 where report_id=7;
insert into purchaseorder (customer_id, purchsedate, txnid) values (98304, PARSEDATETIME('07-15-2016','MM-dd-yyyy'), 2);
update report set purchase_id=2 where report_id=6;
insert into customerauthorfavlist (favourite, rating, review, authorid, customerid, reportid) values (1, NULL, 'report is very good', 65536, 98304, 7);



